,0.1,0.05,0.01
PNW,-0.012689408480802241,-0.01639415763580075,-0.023343650920434552
APD,-0.013999050095476756,-0.018156753240959615,-0.02595591288178167
HES,-0.03134027486887759,-0.04039805753105938,-0.05738895142183084
AFL,-0.023783915344916078,-0.03056386539068078,-0.0432819241152838
AMGN,-0.01650705082985212,-0.021328044467134,-0.030371426759926844
ADI,-0.020687499241843682,-0.026813585702529594,-0.03830510508439716
APA,-0.03414495138072026,-0.043765102799847466,-0.06181090695211587
AMAT,-0.02546520505701942,-0.033084576511164136,-0.04737725019522914
ADSK,-0.025313066000491477,-0.03286489896523147,-0.04703088167537745
AVY,-0.015106455738644551,-0.019622821278414127,-0.02809477192242281
BLL,-0.02698013506461225,-0.034682075838895474,-0.049129635835585765
BK,-0.01690290088060594,-0.02178194105639436,-0.030934209001810452
VZ,-0.013371683658108244,-0.01726125301823177,-0.024557438270565484
BBY,-0.025844105837596693,-0.033536471420944465,-0.04796606995187255
HRB,-0.024474690612525052,-0.03136916369805506,-0.0443020485991378
CAH,-0.02302862350617177,-0.029444137877637833,-0.04147857588589565
CTL,-0.02753452194156611,-0.03522307802534117,-0.049645530568621865
CMA,-0.02135414642786782,-0.027608352943524754,-0.03934020424110293
C,-0.020135713448015173,-0.026006989815285368,-0.037020527838911646
CMS,-0.012172928473622039,-0.015795169017659462,-0.022589889869988403
DHR,-0.016562422225704084,-0.021430372230630285,-0.030561836859895143
DOV,-0.019770032447700373,-0.025594610878250792,-0.036520551338840315
OMC,-0.01517624273690247,-0.01952157810514887,-0.027672704591099117
PKI,-0.01835413411823865,-0.023759423436401614,-0.03389884725336758
ECL,-0.01430967100602227,-0.018534926018093426,-0.026460801726206153
EFX,-0.019167165442044547,-0.02469991271748907,-0.03507842646501246
FITB,-0.02033831543742449,-0.026269344433898927,-0.03739496845256048
RF,-0.023287838513750003,-0.030110609150976728,-0.042908992183747253
USB,-0.014270552898877995,-0.018432729525835644,-0.026240280673927783
BEN,-0.020373362145764285,-0.02609175549812823,-0.03681851041148858
GPS,-0.031207467741260576,-0.040051863787077896,-0.05664247987349254
HAS,-0.021911252757351736,-0.028296511087990597,-0.04027419379548411
HD,-0.015025289719267245,-0.019450236465906934,-0.027750700657698378
CNP,-0.014928765561682995,-0.019290741947783407,-0.02747308421569015
HBAN,-0.019966685709799144,-0.025757962324407132,-0.03662143411665355
ITW,-0.015697591584804656,-0.020361637205893315,-0.029110611122048893
IPG,-0.02039347529098304,-0.026213059482195534,-0.03712963158037005
JCI,-0.01828602115925024,-0.02351165316328738,-0.033314069737436856
KLAC,-0.020975855978299575,-0.02723489473981532,-0.03897581052698254
LMT,-0.01503120694453202,-0.019484269568773527,-0.02783747447104515
L,-0.013596822237944754,-0.01755879584850675,-0.024990799433242856
LOW,-0.019784146201586226,-0.025561200898951655,-0.03639799473967241
MRO,-0.04002533794114602,-0.051527257544583364,-0.07310294585714817
MMC,-0.01167408949559743,-0.015199508696541393,-0.02181260881140977
MCK,-0.023265392409663813,-0.02980957473853497,-0.04208537243634905
MDT,-0.014079748365000746,-0.018201996598373557,-0.025934648720519593
MU,-0.03499074608996596,-0.04540541912129878,-0.06494161368261
NWL,-0.029319167846020094,-0.037472837047364586,-0.05276776444708266
NKE,-0.01824577090622885,-0.023589434129873164,-0.03361325764244665
JWN,-0.031643237347238985,-0.040645084035565424,-0.05753105134199508
NTRS,-0.01803010713747666,-0.023287811261865313,-0.03315038979993779
NOC,-0.0168771020835063,-0.021865339886737212,-0.031222444420775142
NUE,-0.021329681818702245,-0.027514351933996827,-0.03911576450896843
PNC,-0.016009466262253972,-0.020721629109960168,-0.02956086294096115
PH,-0.018295841652545643,-0.023731216519104956,-0.03392707582138923
PAYX,-0.014099192560314425,-0.018251645184003344,-0.026040955719144776
PPL,-0.013642715625133587,-0.01754153846063371,-0.024855081693845135
PHM,-0.02097672943016695,-0.02718685880627739,-0.03883602872045584
SEE,-0.02030818282221457,-0.02607136396494828,-0.03688213332446576
KEY,-0.020654955382597442,-0.02667404657386145,-0.03796486062448362
LUV,-0.02181438947185894,-0.02811447212934042,-0.039932379439403115
T,-0.014068942434404519,-0.018112999719376893,-0.02569897862611916
STT,-0.020657333575026405,-0.026609118639747274,-0.0377736775905349
SYY,-0.01336868244545451,-0.0173869100264413,-0.024924436704198055
TMO,-0.015220196133266868,-0.019796046867545058,-0.028379581843576588
AEE,-0.012391116128455872,-0.01608029973235236,-0.023000594631797478
UNH,-0.015981886173586573,-0.020797379427186548,-0.02983044391495101
VMC,-0.020418197886249576,-0.026363741000813637,-0.03751659109119455
TJX,-0.026129080553032803,-0.03357744760076079,-0.04754934545782213
TFC,-0.016665942340027867,-0.021535732549564732,-0.030670649096638095
MS,-0.021144078439943773,-0.027322149567254768,-0.038911183538234945
MSFT,-0.01594031231382027,-0.02078349849881126,-0.029868510320303857
ORCL,-0.01643061052114636,-0.021219809144550624,-0.030203549279080415
ADBE,-0.020698784316462857,-0.02696684755220103,-0.03872469175216551
UNM,-0.022041855573881854,-0.028299223206092752,-0.040037004232606574
PGR,-0.015073676529519303,-0.019604342663861893,-0.028103118844983475
CCL,-0.019651198165385582,-0.025239113996501958,-0.035721114779482865
VIAC,-0.020339137426390333,-0.02610956081014012,-0.036933915409359724
SCHW,-0.022219281755900145,-0.02867669821829,-0.04078973758045976
WM,-0.011149271858690387,-0.014539703385720523,-0.020899589073882903
FCX,-0.042860970350716676,-0.05536889281373056,-0.07883167518434167
CINF,-0.014178211148646952,-0.018381634953218758,-0.02626655894677141
CSCO,-0.01716860553889714,-0.022229318169428542,-0.03172237342632451
AZO,-0.02005846738722507,-0.025917356827784694,-0.036907659036949356
AES,-0.018698912812410595,-0.024245224702907298,-0.03464918341236195
QCOM,-0.0272238600393234,-0.03516795065208408,-0.050069743474255614
LIN,-0.01505100803166177,-0.019548224903342112,-0.027984255830595807
BSX,-0.018629609954558386,-0.02420007634386399,-0.03464934487599305
KSS,-0.03158934280923872,-0.04065556228314472,-0.05766228222959989
AGN,-0.025487343007636783,-0.03263133253453808,-0.04603226878300449
HUM,-0.01961415587306945,-0.025415938771539467,-0.03629911860502994
ALL,-0.012555367812404163,-0.016301259622945187,-0.023327929687015993
MAR,-0.01706337204240578,-0.022163739773075106,-0.031731181402861706
COST,-0.013921685504052981,-0.018059671983219196,-0.02582184643707441
EMN,-0.018829884350415105,-0.02424551356935243,-0.03440433332056086
COF,-0.018547311473887138,-0.02394094973194156,-0.034058518097810665
DRI,-0.01637502732211601,-0.021197256433633287,-0.03024295627062224
NTAP,-0.02524311325390038,-0.03269980895841887,-0.046687329990495297
HIG,-0.014926649628751096,-0.019277448500746037,-0.02743882361110311
YUM,-0.017655885811658143,-0.022789228736306982,-0.03241852634595418
RHI,-0.020746279509819877,-0.026751254875371992,-0.038015589984536136
STZ,-0.0181436088237848,-0.023397925409437675,-0.03325414948821729
CTAS,-0.01465442259215954,-0.019139132916218347,-0.027551703640075396
CMCSA,-0.026633525995167016,-0.03420780572473746,-0.048415894832624415
FLS,-0.024120367307239123,-0.031061103845709776,-0.04408077129051786
EXPD,-0.01618748840577934,-0.020960226624327196,-0.02991308977684658
MTB,-0.016741694202781286,-0.021611648259382697,-0.03074687215630003
J,-0.019372867984224978,-0.02511878395036913,-0.03589716670994493
LEG,-0.017259976778609586,-0.022238870076392653,-0.03157844587227826
LEN,-0.021658778512234154,-0.027880177227745922,-0.03955048654845777
HST,-0.018736129754029718,-0.02413794172916208,-0.03427084262891328
MKC,-0.015023076974848738,-0.019501759915693882,-0.027903024271045327
MYL,-0.0317273182933541,-0.04052190998632779,-0.057019101389679784
NBL,-0.03189190639425536,-0.040937013882723736,-0.057904131255594085
NI,-0.014017453443136376,-0.018108054809716653,-0.02578134267289317
SJM,-0.016554337042532057,-0.02122372026660572,-0.02998270663827405
PSA,-0.014943071545963497,-0.019157793138218495,-0.027063909902550146
SYK,-0.014445292969217417,-0.018793149422343787,-0.026949005044251777
TSN,-0.018400890514259374,-0.02380250166167825,-0.03393502584203825
UPS,-0.015305482191173116,-0.019720754921586158,-0.028003072267804588
VAR,-0.018032147656517533,-0.023335656266081767,-0.0332841564006824
VNO,-0.01659718157012993,-0.021209337240874357,-0.029860974239908116
WEC,-0.011673374057937731,-0.015163652267528058,-0.02171083372685185
ZION,-0.021344106693282402,-0.027624686718133135,-0.03940601033282817
TROW,-0.017055617135623244,-0.022073460011585107,-0.0314860987385001
HOG,-0.023745052734649896,-0.030475482262034278,-0.04310064872982383
FISV,-0.025523037354680624,-0.03290612894639616,-0.04675558090382138
TIF,-0.02445771278304395,-0.031605761108355133,-0.045014310987627065
XRAY,-0.020556932747944415,-0.02640765477339557,-0.03738263627012481
FAST,-0.02975544244682513,-0.03826388134391309,-0.05422429769173832
APH,-0.014340605603381592,-0.018636796398743407,-0.02669573583910736
PXD,-0.02717542147095562,-0.03499580943038912,-0.049665556647683816
DVN,-0.03660621464131053,-0.04703446983240162,-0.06659614226659492
LH,-0.015669344205127906,-0.020224368839630073,-0.028768837516032843
VLO,-0.021547911685962262,-0.02777662946183526,-0.03946066812256507
NLOK,-0.029640547993157396,-0.03818624986400075,-0.0542165653534532
PBCT,-0.017583387934151106,-0.022611479062806722,-0.03204334180740679
EOG,-0.024750674351170666,-0.03186215907966242,-0.045202121732126864
EA,-0.024988623538445248,-0.032258908688759316,-0.04589675452275098
COG,-0.028439274783258226,-0.03656151846769768,-0.05179749682402288
XLNX,-0.022371318196937166,-0.02896961132240097,-0.04134691187555396
BIIB,-0.030842971870628576,-0.03966334885208982,-0.0562089091683397
KIM,-0.018822667669782193,-0.024117969327652818,-0.03405107458575955
GILD,-0.019735673218424024,-0.02524073918843125,-0.03556732741058221
DHI,-0.02104680737773807,-0.02719674344648363,-0.03873300072668585
SBUX,-0.014981373708435589,-0.019361136459227293,-0.027576842989276703
INTU,-0.017633182421794104,-0.02295178777467436,-0.03292860688902373
MCHP,-0.0221631397018693,-0.028727400110028736,-0.04104086094543851
EQR,-0.014393705775029002,-0.01849054929768866,-0.026175546407548392
SPG,-0.01515602420912501,-0.019396668811091214,-0.027351412830432145
IVZ,-0.022190949216624442,-0.028354211137249903,-0.039915465499380444
AVB,-0.01323094026693727,-0.017033715645100287,-0.024167089821826523
PLD,-0.014492625870887515,-0.018830390868417063,-0.026967316597917183
AIV,-0.014228850549679034,-0.018353248533746393,-0.02608993323067424
ABC,-0.022662836601948625,-0.02907424849603676,-0.041100990939009194
DVA,-0.021791882324617217,-0.028031709024900882,-0.03973658618031993
EL,-0.01704458097878379,-0.02214717872259304,-0.031718803486160685
WAT,-0.0180036918573087,-0.023297385480018713,-0.03322747433159357
CTXS,-0.0187326023936634,-0.024186030462404865,-0.0344157545695874
TRV,-0.013816284351313832,-0.017808836407754314,-0.025298200071512327
ETFC,-0.023083115657914918,-0.029802403506691146,-0.042406670038364264
NOV,-0.03152887246878548,-0.04046848374533027,-0.057237707769516526
DGX,-0.014621248947997451,-0.018902340836041056,-0.026932957237348065
AMZN,-0.022067921135634053,-0.028662001209160824,-0.04103139877754501
RL,-0.026338395910832438,-0.033882502053350486,-0.04803399053004197
BXP,-0.014057085634549972,-0.018083522850913115,-0.025636449439306274
CHRW,-0.017458199490568895,-0.022502175059608203,-0.03196383437265548
VRSN,-0.01782033325433557,-0.02312944430940269,-0.03308845370003414
AMT,-0.013692525204245213,-0.01783709438776569,-0.025611616900231823
CTSH,-0.019827053897747585,-0.02549558499124257,-0.03612880659946699
EBAY,-0.021286762319786885,-0.027440334603754092,-0.03898341281897972
GS,-0.01839668239112363,-0.023717838348264294,-0.033699441972019795
NVDA,-0.03393384524208088,-0.04422378777141937,-0.06352600865469384
JNPR,-0.021808920364447527,-0.028003078610332178,-0.03962228934033688
AKAM,-0.02458695802929282,-0.03175376585104111,-0.04519750542577106
EXPE,-0.024243397336539612,-0.031135082863144793,-0.044062738767278474
A,-0.018101484467280906,-0.023468796235404286,-0.033536980484473775
MET,-0.019780344912280833,-0.025443227476978754,-0.03606585338457652
ISRG,-0.033094272897709706,-0.04265596285077938,-0.06059210301534473
MCO,-0.016200270673020416,-0.02106606645384743,-0.030193490116967328
TPR,-0.026838738836186565,-0.034454280000610085,-0.04873976869816669
MDLZ,-0.015461037990671608,-0.01992812467427699,-0.028307636379599245
PRU,-0.019130869095237313,-0.024630846718719596,-0.03494789004902349
ZBH,-0.017382377403542523,-0.02244579142014129,-0.031943914028036986
ANTM,-0.018298779882635584,-0.023742810911549495,-0.03395490773482027
PFG,-0.0190949146372387,-0.024602741810869966,-0.03493450959180884
CME,-0.014454491835754752,-0.018800389489189096,-0.0269525707286393
NDAQ,-0.014447952950584582,-0.018741845761270498,-0.026796474564556156
AIZ,-0.01650807574205672,-0.02135488908749038,-0.030446704858746922
CRM,-0.023209211385122892,-0.03004824169546324,-0.04287712517087804
MA,-0.016691915410341877,-0.021771374993842414,-0.031299596416736575
GOOGL,-0.01789186049824308,-0.023152053669579724,-0.033019301245777725
ICE,-0.03573229714030398,-0.04582386141525653,-0.06475395768523232
CF,-0.030917901585580974,-0.039813633539651505,-0.05650054725236694
AMP,-0.020701754665688247,-0.026741498053919576,-0.03807105219142284
FIS,-0.01393047578685719,-0.018136552741399154,-0.026026453603055246
WU,-0.01634773822665099,-0.021124923579207797,-0.030086128815533145
DFS,-0.01716268535585986,-0.022188678245427324,-0.031616605042452374
PM,-0.016814383979399737,-0.02160208919165344,-0.030583027935231297
CBRE,-0.02016814370800198,-0.02608963353005957,-0.037197363643957995
ABT,-0.015348881856264894,-0.019913644907983134,-0.028476381235504663
HON,-0.012859894798496767,-0.016676912601350805,-0.023837003198165452
AEP,-0.011693656789245298,-0.015159168798614802,-0.02165989298514637
BA,-0.02091034902392298,-0.027115006336988132,-0.038753911570942545
BMY,-0.020526465399240777,-0.026366282413268324,-0.03732080792215964
CPB,-0.019166186588551664,-0.024616620849573022,-0.034840729071367385
CAT,-0.02140549920918825,-0.027739865588382897,-0.03962208345871563
CVX,-0.016026285789299318,-0.02067415103441537,-0.029392773256175456
KO,-0.010749834965458357,-0.013882670101822241,-0.0197593478014854
CL,-0.013001394253496622,-0.016716122834133287,-0.023684335861604015
ED,-0.011715060766756937,-0.015146228646476523,-0.021582528957495038
GLW,-0.018848069702516988,-0.024358165639667494,-0.03469418924365449
DE,-0.02013446762127464,-0.0261154187540364,-0.037334688397912624
DTE,-0.01177055021363904,-0.015257568676779349,-0.021798635393885445
D,-0.012064502482858336,-0.015555787232275829,-0.022104856792919552
ETN,-0.016782596831929005,-0.021740331299937292,-0.031040216650052185
XOM,-0.014410193361293984,-0.018480399684486466,-0.026115429838130325
F,-0.019172227007536624,-0.02452380033191364,-0.0345624618779471
GD,-0.01578894754313256,-0.020360810131413765,-0.02893686400881632
GE,-0.027400453007171078,-0.03494050670645513,-0.04908439347359413
HAL,-0.02545843990056142,-0.03263784068548185,-0.04610520256480977
HSY,-0.014700303294524254,-0.019031393553343854,-0.02715579858308785
IBM,-0.015591083095051958,-0.020025641075639502,-0.028344134343890152
IP,-0.01852006933409273,-0.023859863896901843,-0.033876430445138495
K,-0.01558407668532891,-0.020011671182152642,-0.0283171021129468
KMB,-0.014616376492341782,-0.018802616015890648,-0.026655305156131025
KR,-0.02614087970844846,-0.0335122018117401,-0.04733957616624443
SPGI,-0.015329697015051949,-0.019990543387914134,-0.028733516046458043
CVS,-0.02054662437608044,-0.026332243426753898,-0.03718510256995837
MRK,-0.014679634352566192,-0.019018901843152202,-0.027158645999749334
ETR,-0.012306553392101686,-0.015968766806913295,-0.02283847011699864
MMM,-0.015133435416442837,-0.019491654166943147,-0.027666947735389687
MSI,-0.015095496559810163,-0.019641416335224517,-0.028168805810191225
NSC,-0.018018204874565062,-0.02339355892144849,-0.03347682914797496
XEL,-0.012246356629411693,-0.015894612853226218,-0.022738134794196275
FE,-0.0147318718963393,-0.019049683324273252,-0.027149179475654175
PPG,-0.015578619472831614,-0.0201053097988938,-0.028596628024890852
SRE,-0.014218569936568387,-0.018404578403457796,-0.026256834119831644
PEP,-0.010777649483484766,-0.013935963412189526,-0.01986043508895221
PFE,-0.014209010352109969,-0.018310687638374724,-0.026004752084863112
EXC,-0.013327816389425108,-0.017264312903755123,-0.024648525693009914
MO,-0.01804033484119934,-0.02314204003603526,-0.03271199052616714
COP,-0.024898773379799215,-0.03210425213200642,-0.045620531940984664
PG,-0.011418755079415045,-0.014798530430862994,-0.02113842690584251
PEG,-0.01287796463715533,-0.016665706779403967,-0.023770881105705147
AXP,-0.015261195995525403,-0.019779307069349644,-0.02825453204494826
AIG,-0.017545852484321403,-0.0224973134744295,-0.03178543082333442
AAPL,-0.018122292962328482,-0.02358492957811782,-0.03383192738810531
ADM,-0.01653572722327567,-0.02131611941044677,-0.03028334013518565
ADP,-0.015679853635041603,-0.020349449553715412,-0.02910883490508076
BAX,-0.014627331299203362,-0.019019098410108633,-0.027257323123307635
BDX,-0.01544067669756807,-0.020005079109816425,-0.02856713893766976
BF.B,-0.027853804070756955,-0.035735151395283146,-0.05051924824344976
CI,-0.020061538619459474,-0.025880428205123956,-0.036795697338809
CSX,-0.020459425324891478,-0.026594448838238725,-0.03810273264459385
JPM,-0.015602065413188152,-0.020266480432786633,-0.02901614727911264
CLX,-0.014646216515803253,-0.018873205213200506,-0.026802333026658926
CAG,-0.022070957491586343,-0.028314514848615614,-0.04002639009565063
TAP,-0.019202344332476542,-0.0245219743371611,-0.03450071552788735
CMI,-0.01790552828609073,-0.023216659198107656,-0.03317945750445818
TGT,-0.022579275764461462,-0.029191239859637955,-0.04159418487837766
DIS,-0.015140100228621601,-0.019546413105167047,-0.027811923255626998
DUK,-0.01154935414836361,-0.014905496738902697,-0.021201062084738993
EMR,-0.016815282258106627,-0.021743290403499378,-0.030987414116118567
NEE,-0.011273245733435635,-0.014722749779457572,-0.021193445689004588
FDX,-0.019669437435416333,-0.025284933695366277,-0.03581867077598763
GIS,-0.01666985710193888,-0.021398712197474728,-0.03026925790934654
GPC,-0.015451576457994047,-0.01991554554954963,-0.028289209170667566
GWW,-0.022171206572057563,-0.02864892880208077,-0.040800058407315154
HPQ,-0.022968905778855096,-0.029688784923162393,-0.0422941606269145
INTC,-0.018996632237864162,-0.024574898267764267,-0.03503879762850447
IFF,-0.018565834144874248,-0.023881014373109653,-0.033851408523251574
JNJ,-0.011985402022942413,-0.015496723791908465,-0.022083379468904735
LLY,-0.01693160672530282,-0.021886204098787172,-0.031180204781299695
LB,-0.0339993153144518,-0.04326267306937566,-0.06063919164530871
LNC,-0.022520969348481384,-0.029000347219594706,-0.04115458253216746
MAS,-0.018967569110726498,-0.02453154833945002,-0.034968648037195064
MCD,-0.012246220611330025,-0.015878170454679996,-0.022691104337783236
BAC,-0.020542911041413613,-0.026619554041656873,-0.038018325714586666
NEM,-0.02603667092747188,-0.03372639266795748,-0.048151031789368866
WFC,-0.01693647903789547,-0.021765198742405078,-0.030823073852408855
OXY,-0.0207332664719199,-0.026504208322054107,-0.03732953547798569
PCAR,-0.019071538651552693,-0.024661455172199597,-0.03514720891600871
ROK,-0.020244282145580036,-0.026218265840283878,-0.03742446572910548
SLB,-0.022119911798993603,-0.028275710453075278,-0.03982296496837205
SHW,-0.016364544020108403,-0.021257821474837832,-0.030436796187771096
SNA,-0.01730672327718217,-0.02223853012822568,-0.03148977958088982
EIX,-0.018359760540844237,-0.023664403494877584,-0.033615031471051486
SO,-0.011528042509582672,-0.014895811676872001,-0.021213186547096762
SWK,-0.019173690569300517,-0.024771272426303167,-0.0352714050663074
TXN,-0.018394129586182608,-0.02388537634268453,-0.034186042018547996
TXT,-0.02018643487580652,-0.025966109244161463,-0.03680781715198579
UNP,-0.01764768386992315,-0.02292030295559533,-0.03281085948055542
VFC,-0.019709720229790003,-0.02547206308106101,-0.03628125994520919
WMT,-0.015161235480536824,-0.019673017007056023,-0.02813636880456596
WBA,-0.019369427214473104,-0.024792709560743417,-0.034965885306050735
WY,-0.017977771099826432,-0.023106217550391685,-0.032726330188981835
WHR,-0.02249118419723177,-0.028915441142463336,-0.04096627876514359
WMB,-0.03220743655507156,-0.041403421229395915,-0.05865355911081971
XRX,-0.11730690128206431,-0.15140879714560682,-0.21537828236087925
AMD,-0.04814451731292472,-0.06281171662476473,-0.09032494325833929
ALK,-0.022447791822679686,-0.02881015625370212,-0.04074489381295832
AON,-0.012101966859722505,-0.01578084632331752,-0.02268181236922005
DXC,-0.030581954340937557,-0.03937116737664486,-0.05585826931347989
COO,-0.016533631579594057,-0.021494728337421887,-0.03080092078406189
DD,-0.05130028518923403,-0.0660634764506102,-0.09375676801726676
ATO,-0.012196955090706535,-0.015827082321965398,-0.02263659728790105
AJG,-0.01156425700659414,-0.015096980965391981,-0.021723783591153147
LHX,-0.017000325445621273,-0.022084234638752805,-0.03162080278930818
HLT,-0.04503028019423809,-0.05838879548932775,-0.08344714855235477
HFC,-0.0286040967484086,-0.03684973429275406,-0.05231717900885287
TT,-0.015968250306366633,-0.020771646306005566,-0.02978201835721158
EVRG,-0.012129165477045905,-0.01570085722121952,-0.022400756931683603
RJF,-0.019988414127273594,-0.025821252729074977,-0.03676268789719714
ROL,-0.020908123234068845,-0.026948780665002225,-0.03828004939460175
AOS,-0.028712514586269007,-0.036811488989371366,-0.05200381804378034
TFX,-0.017962741948615597,-0.023382723448708204,-0.03354970735554392
GL,-0.013306473723388067,-0.01727339539955477,-0.02471468073246146
UDR,-0.013986152511239053,-0.018028192791953244,-0.025610388134151507
RTX,-0.015395893233308292,-0.019912457257794978,-0.02838478022612333
LNT,-0.023669745695212636,-0.030407355087080496,-0.04304598978657075
JKHY,-0.013101603109316457,-0.017011719330247546,-0.024346447076344913
COTY,-0.03389091870178767,-0.04336086618614535,-0.061124912736931325
IT,-0.017644428279166076,-0.022825155870252477,-0.03254333923367821
NVR,-0.02016197433203066,-0.026156557030095867,-0.03740139722344034
PEAK,-0.018981696540929852,-0.024367280570969683,-0.034469740544567536
CDNS,-0.020215449560152234,-0.026339166451535435,-0.037826240915469905
DRE,-0.014167671233488803,-0.018343842356192696,-0.026177644850905464
ABMD,-0.03294699700766945,-0.042567887052322964,-0.060615076743239245
MXIM,-0.020081729184489673,-0.02595213020778242,-0.036964026231683884
FRC,-0.01831613587293823,-0.02370688826717482,-0.03381904323246447
MGM,-0.0243676278772857,-0.03144547655453663,-0.044722343568824256
WRB,-0.01847298547326832,-0.023811935147686477,-0.03382691682581356
IEX,-0.014469453483592219,-0.018822903684684516,-0.026989252247490467
SIVB,-0.028366588787310704,-0.036698054768212515,-0.052326499357318715
TMUS,-0.01846745135473106,-0.023931094703524208,-0.03417998097719891
IQV,-0.01811009757128587,-0.02350529212021748,-0.03362577982894826
TWTR,-0.03957170343037768,-0.051026361514685446,-0.07251339507734111
PAYC,-0.030073872680818126,-0.03924082962856577,-0.05643651632248044
KEYS,-0.022001524350823396,-0.02865045697960778,-0.04112274881922582
ANET,-0.0327485512123746,-0.04240625753435292,-0.06052250843868192
HOLX,-0.019390000321163097,-0.02500587661395442,-0.03554032657298362
CFG,-0.02097362986105983,-0.02708734537442964,-0.03855565891652211
IDXX,-0.019851483530914593,-0.025881401186858027,-0.037192523884688994
ZBRA,-0.026762935870856975,-0.034792359038475586,-0.04985422154205746
ODFL,-0.02005095755995516,-0.02610507989684962,-0.03746160655070792
SNPS,-0.016273817764326688,-0.021230806190705814,-0.03052929209079723
STE,-0.015463762790900252,-0.020073030261856962,-0.028719249478420257
CDW,-0.018911897233313293,-0.024656718141656302,-0.03543304675491425
REG,-0.014832225994347093,-0.019030307700641333,-0.02690521080625999
INCY,-0.03295509718740653,-0.04233894527049573,-0.05994148366353803
MAA,-0.013873094358600412,-0.017927274564999374,-0.025532242388813138
ALB,-0.024412699444550604,-0.031461169788008204,-0.0446829279339572
CPRT,-0.026228860959241547,-0.03399663201069099,-0.04856767865923056
RMD,-0.018126750364187618,-0.023599037346956227,-0.03386413764046173
DISH,-0.026897344068611637,-0.034453181913876266,-0.048626677113842
WAB,-0.02320671187740749,-0.029862381289385908,-0.0423473102138937
RE,-0.016175284395497664,-0.020903938960041835,-0.029774108509123206
ANSS,-0.01916602230729071,-0.024925614242599866,-0.03572965084590348
TTWO,-0.027101080454793192,-0.03521495996468521,-0.050435248520590184
ARE,-0.013796300304346582,-0.01788811473031048,-0.025563678091148952
MTD,-0.016723507021387377,-0.021735394645275026,-0.031136862309706012
NCLH,-0.024259647809485748,-0.031193292758118267,-0.044199657559779504
SBAC,-0.017084638737282956,-0.022189094128441316,-0.03176420352949391
CHTR,-0.021883577345306927,-0.028410045003076846,-0.04065261292399997
PKG,-0.018830345147384818,-0.024367255273405667,-0.03475357783629408
ALGN,-0.031599415455854804,-0.04106355623492994,-0.05881671037230854
GPN,-0.018461350804123613,-0.024023436632149172,-0.03445698462507288
CNC,-0.03283590712699351,-0.04225193084580288,-0.059914825380384326
TDG,-0.020385430890554505,-0.026458375676571593,-0.037850210114656425
LKQ,-0.019713699588988,-0.025392000211807576,-0.03604354783229216
MKTX,-0.02024624897321902,-0.026372315805200018,-0.037863798366881585
DLR,-0.017269244346361484,-0.022321806632502172,-0.031799573198790225
LVS,-0.022606406630673006,-0.02919674523693052,-0.04155912443495424
CE,-0.018483042162654572,-0.02392815198958538,-0.034142272458522895
INFO,-0.03373037771240917,-0.043348930930166625,-0.06139173712245936
UAA,-0.04210540752777145,-0.053834446558595074,-0.07583617314511466
LDOS,-0.020071930444289655,-0.02596164938761705,-0.03700978261677511
LYV,-0.0212820192472807,-0.027662827403970643,-0.03963216232523639
FANG,-0.02878463766308597,-0.037107046947775224,-0.052718502680989446
NOW,-0.0306673531338096,-0.039788984739767205,-0.05689964863045954
IPGP,-0.03327160556007757,-0.04294241714412845,-0.06108325134059309
BR,-0.01487182747208145,-0.019346274238732607,-0.027739592235806604
CXO,-0.03162994332378676,-0.0406598662027974,-0.05759849977365002
MSCI,-0.018732069211114317,-0.024439471254384712,-0.035145608299830336
ULTA,-0.02678888584803947,-0.03453906869258875,-0.04907712279004654
AWK,-0.012743200638363763,-0.016576171128700457,-0.023766186314169917
FTNT,-0.026745378127174566,-0.034749529070879324,-0.049763985085376744
CBOE,-0.017536769979824708,-0.02270876966012838,-0.032410580914448796
FLT,-0.020589791116330504,-0.026666479915620284,-0.03806533749994459
HII,-0.01957649439313134,-0.025360099202584703,-0.0362091799642451
FBHS,-0.018442195746911843,-0.023749699767722513,-0.03370569462935183
AAL,-0.02866110984574712,-0.03674894385829833,-0.05192037539277159
SWKS,-0.025995660977068232,-0.03356028714558592,-0.047750267778404236
AME,-0.015101826330776051,-0.019584161138616243,-0.027992275789114986
BRK.B,-0.012084465510298105,-0.015680043473496025,-0.022424749758375738
CHD,-0.025520237086840973,-0.03278179805412754,-0.04640327877166271
DAL,-0.021565912756405764,-0.02776842661710238,-0.03940331109088711
DG,-0.019199103387006537,-0.024901326344383065,-0.035597748286016216
FMC,-0.021973488340176546,-0.0285200614139123,-0.0408003437514919
FRT,-0.013957134982772668,-0.01789398133526932,-0.02527885036274376
GM,-0.021211498127006217,-0.027287750249145412,-0.038685788699758215
WELL,-0.01602851900552929,-0.020645875292773775,-0.029307267783456502
KHC,-0.02181314652390177,-0.027808737798635068,-0.0390554699140743
HP,-0.029996693925114892,-0.03853032827626463,-0.05453800710569927
HRL,-0.026505433525669995,-0.033940118421945206,-0.04788635083833502
JBHT,-0.01971793267467281,-0.02547915922100687,-0.036286262082744
KMI,-0.02186122458928256,-0.02819813381015135,-0.04008512162856937
KSU,-0.01943716962129972,-0.025190960388320072,-0.035984114964695724
LRCX,-0.02459343765442442,-0.03199711037003991,-0.045885169093091864
ES,-0.012534892506230069,-0.016247436195803343,-0.023211550731004442
OKE,-0.02236109039974177,-0.029061664300863346,-0.04163082657901918
PNR,-0.02352056117133082,-0.03022500783781531,-0.04280143477971935
PVH,-0.025045779036768172,-0.032303339204294346,-0.04591731508684482
ROST,-0.01802877106576196,-0.023392959240306453,-0.033455284147301145
UAL,-0.023290924286892327,-0.030070598664802314,-0.042788140282355724
UHS,-0.019745991696602568,-0.02543308501361638,-0.036101126266112255
WDC,-0.03363468157092885,-0.043281285895025834,-0.061376711297682664
CERN,-0.020968403684732947,-0.02701196349703787,-0.0383486766114006
ZTS,-0.015999161400281778,-0.020851686944539507,-0.02995421785080452
ABBV,-0.021266857299709657,-0.027454937181784714,-0.03906274591216433
NWSA,-0.01959999335961144,-0.025210546639348564,-0.03573501151114878
SYF,-0.02250603516546987,-0.0289835796559107,-0.04113437585124809
HCA,-0.020138195167676284,-0.02611389468569438,-0.03732331317369804
REGN,-0.02637463328309461,-0.03381128474052594,-0.047761206098589415
MNST,-0.036033406478308896,-0.046178860574676815,-0.06521004518730893
VRTX,-0.027798134073132304,-0.03590970042978763,-0.05112564989491693
PYPL,-0.02106937661824882,-0.027401211991489437,-0.03927868211557944
PRGO,-0.029939112390165376,-0.038212665211348425,-0.05373247434425526
ROP,-0.014790672489245824,-0.01918675000690128,-0.027433060326307657
MHK,-0.022113978854728954,-0.028331250753331098,-0.039993818851843964
HPE,-0.026925735098800953,-0.03463839089589822,-0.04910605049339156
CB,-0.013329727423151604,-0.017209054578958924,-0.02448602715935793
ORLY,-0.02096772753433622,-0.027111970900457298,-0.038637549617279075
RCL,-0.022383958592182483,-0.02885642898012167,-0.0409977070030308
FLIR,-0.020376598763487554,-0.02636258366276283,-0.03759129581546178
BWA,-0.02471936341206607,-0.03178627052614957,-0.045042612987606694
MLM,-0.02169090254931232,-0.02808743783822748,-0.04008627424399677
TSCO,-0.021280569196476876,-0.027383125079257893,-0.03883050501030381
WRK,-0.024285100650093157,-0.031206163851450502,-0.044188927387671204
ESS,-0.01417361331819138,-0.01827227888247181,-0.025960693839391657
O,-0.013908162249470406,-0.01796896551241684,-0.02558635708884509
DLTR,-0.02236912735462615,-0.028811210648111048,-0.040895487535446744
HSIC,-0.030043437646232928,-0.038416827960211446,-0.0541239156258094
ALXN,-0.030093772224817954,-0.03854365437110405,-0.05439422799289248
IRM,-0.01686757559552944,-0.02172162369322374,-0.03082701065652265
KMX,-0.022771740804498515,-0.029414518609479103,-0.04187526502323886
QRVO,-0.02919331633861164,-0.03778726658431508,-0.05390808800090496
SLG,-0.016643354378048637,-0.0213284236755137,-0.030116834512141755
URI,-0.02952817113750875,-0.03822263352332279,-0.05453199899876758
PWR,-0.019426287008793525,-0.025170446288446988,-0.03594553379631762
NLSN,-0.02428853481331349,-0.030990105976946233,-0.043561138953720095
VTR,-0.016701374735681212,-0.021466404104424748,-0.03040480673675612
RSG,-0.009993306974459121,-0.013040877282350347,-0.018757612344038485
CCI,-0.014771813185128173,-0.01912134388290069,-0.027280340109324258
APTV,-0.024151072858498063,-0.031083701877553202,-0.044088160964284695
BKNG,-0.020424693099066065,-0.026390564190775418,-0.03758154618557172
FFIV,-0.02026398628511504,-0.02615108136029749,-0.03719429264918641
BLK,-0.017049340951918176,-0.02202432258173925,-0.031356560739070595
EW,-0.022957336405245218,-0.029823057881062622,-0.04270200954395285
NRG,-0.02714231047617209,-0.03525083181255621,-0.05046106932606855
ILMN,-0.02818400765881934,-0.03640762008138625,-0.05183374933198672
EQIX,-0.01746893273886574,-0.02263635196401301,-0.032329571046227246
GRMN,-0.01705081693972505,-0.022189637576262102,-0.0318292104624232
ACN,-0.013486291646242607,-0.017529096369125138,-0.025112725677698212
ADS,-0.023531041888564475,-0.029992726804397154,-0.042113773075346875
WLTW,-0.06325165453137153,-0.08178442711358012,-0.11654882632585445
AAP,-0.025329318268092132,-0.032584174253296544,-0.046193077539539065
NFLX,-0.03165617371712851,-0.041030158785045845,-0.05861419580192597
WYNN,-0.031200004747192023,-0.04033960358913692,-0.057483971026442815
STX,-0.03308058085171469,-0.04269898732206919,-0.06074151824063929
EXR,-0.016164634065127196,-0.0208196379723977,-0.029551651137141515
MOS,-0.029201916761769437,-0.037480080918139,-0.05300854014895291
DISCA,-0.02472465612775624,-0.0318517300484327,-0.04522093543282524
CMG,-0.02538952503429149,-0.03280940004538895,-0.04672785158019057
FB,-0.023782608800168695,-0.030773221493227566,-0.04388644830922992
PSX,-0.016671620511281248,-0.021509081949156017,-0.03058335509713093
HBI,-0.028437882680784447,-0.03637824061196202,-0.05127303154425919
TEL,-0.016743570124533588,-0.02163048489766562,-0.030797524278088257
V,-0.015309967420939895,-0.019927071052952123,-0.028587989604437772
ATVI,-0.02648957614845171,-0.03418538660136928,-0.048621447134700284
VRSK,-0.01335664384630627,-0.01735044976506187,-0.024842165465995467
AVGO,-0.023735885914676434,-0.03074074445051077,-0.043880694098359506
MPC,-0.025484624742438542,-0.032806616676263056,-0.0465414558368585
XYL,-0.01639819941465698,-0.021294639529231933,-0.030479546866059155
CPRI,-0.030168463049197104,-0.03878522302582173,-0.054948831704174556
LYB,-0.020982164744993096,-0.02699178352323521,-0.03826482890236821
ALLE,-0.016252322990021297,-0.021067560130743603,-0.03010014419334323
